--
-- PostgreSQL database dump
--

-- Dumped from database version 10.8 (Ubuntu 10.8-0ubuntu0.18.10.1)
-- Dumped by pg_dump version 10.8 (Ubuntu 10.8-0ubuntu0.18.10.1)

-- Started on 2019-06-04 01:00:29 -03

SET statement_timeout = 0;
SET lock_timeout = 0;
SET idle_in_transaction_session_timeout = 0;
SET client_encoding = 'UTF8';
SET standard_conforming_strings = on;
SELECT pg_catalog.set_config('search_path', '', false);
SET check_function_bodies = false;
SET xmloption = content;
SET client_min_messages = warning;
SET row_security = off;

--
-- TOC entry 1 (class 3079 OID 13041)
-- Name: plpgsql; Type: EXTENSION; Schema: -; Owner: 
--

CREATE EXTENSION IF NOT EXISTS plpgsql WITH SCHEMA pg_catalog;


--
-- TOC entry 3192 (class 0 OID 0)
-- Dependencies: 1
-- Name: EXTENSION plpgsql; Type: COMMENT; Schema: -; Owner: 
--

COMMENT ON EXTENSION plpgsql IS 'PL/pgSQL procedural language';


SET default_tablespace = '';

SET default_with_oids = false;

--
-- TOC entry 218 (class 1259 OID 16669)
-- Name: Alojamiento; Type: TABLE; Schema: public; Owner: postgres
--

CREATE TABLE public."Alojamiento" (
    "idAlojamiento" integer NOT NULL,
    capacidad integer,
    categoria double precision,
    "idParque" integer
);


ALTER TABLE public."Alojamiento" OWNER TO postgres;

--
-- TOC entry 207 (class 1259 OID 16517)
-- Name: Animal; Type: TABLE; Schema: public; Owner: postgres
--

CREATE TABLE public."Animal" (
    "idElemento" integer NOT NULL,
    "tipoAlimentacion" text,
    "periodoCelo" text
);


ALTER TABLE public."Animal" OWNER TO postgres;

--
-- TOC entry 200 (class 1259 OID 16429)
-- Name: Area; Type: TABLE; Schema: public; Owner: postgres
--

CREATE TABLE public."Area" (
    "idArea" integer NOT NULL,
    nombre text,
    superficie integer,
    "idParque" integer
);


ALTER TABLE public."Area" OWNER TO postgres;

--
-- TOC entry 204 (class 1259 OID 16478)
-- Name: Comestible; Type: TABLE; Schema: public; Owner: postgres
--

CREATE TABLE public."Comestible" (
    "idElemento" integer NOT NULL,
    "tipoComestible" text
);


ALTER TABLE public."Comestible" OWNER TO postgres;

--
-- TOC entry 206 (class 1259 OID 16504)
-- Name: ConFloracion; Type: TABLE; Schema: public; Owner: postgres
--

CREATE TABLE public."ConFloracion" (
    "idElemento" integer NOT NULL,
    "periodoFloracion" text
);


ALTER TABLE public."ConFloracion" OWNER TO postgres;

--
-- TOC entry 217 (class 1259 OID 16651)
-- Name: Conservacion; Type: TABLE; Schema: public; Owner: postgres
--

CREATE TABLE public."Conservacion" (
    "idPersonal" integer NOT NULL,
    especializacion text,
    "idArea" integer
);


ALTER TABLE public."Conservacion" OWNER TO postgres;

--
-- TOC entry 199 (class 1259 OID 16414)
-- Name: Contiene; Type: TABLE; Schema: public; Owner: postgres
--

CREATE TABLE public."Contiene" (
    "idProvincia" integer NOT NULL,
    "idParque" integer NOT NULL
);


ALTER TABLE public."Contiene" OWNER TO postgres;

--
-- TOC entry 201 (class 1259 OID 16442)
-- Name: ElementoNatural; Type: TABLE; Schema: public; Owner: postgres
--

CREATE TABLE public."ElementoNatural" (
    "idElemento" integer NOT NULL,
    "nombreCientifico" text,
    "nombreVulgar" text,
    "tipoElemento" text
);


ALTER TABLE public."ElementoNatural" OWNER TO postgres;

--
-- TOC entry 219 (class 1259 OID 16679)
-- Name: Estadia; Type: TABLE; Schema: public; Owner: postgres
--

CREATE TABLE public."Estadia" (
    "idAlojamiento" integer NOT NULL,
    fecha date NOT NULL
);


ALTER TABLE public."Estadia" OWNER TO postgres;

--
-- TOC entry 226 (class 1259 OID 16758)
-- Name: Excursion; Type: TABLE; Schema: public; Owner: postgres
--

CREATE TABLE public."Excursion" (
    "idPropuesta" integer NOT NULL,
    fecha date NOT NULL,
    hora time without time zone NOT NULL
);


ALTER TABLE public."Excursion" OWNER TO postgres;

--
-- TOC entry 214 (class 1259 OID 16610)
-- Name: Gestion; Type: TABLE; Schema: public; Owner: postgres
--

CREATE TABLE public."Gestion" (
    "idPersonal" integer NOT NULL,
    "numeroEntrada" integer
);


ALTER TABLE public."Gestion" OWNER TO postgres;

--
-- TOC entry 213 (class 1259 OID 16595)
-- Name: Investiga; Type: TABLE; Schema: public; Owner: postgres
--

CREATE TABLE public."Investiga" (
    "idInvestigador" integer NOT NULL,
    "idProyecto" integer NOT NULL
);


ALTER TABLE public."Investiga" OWNER TO postgres;

--
-- TOC entry 211 (class 1259 OID 16568)
-- Name: Investigador; Type: TABLE; Schema: public; Owner: postgres
--

CREATE TABLE public."Investigador" (
    "idPersonal" integer NOT NULL,
    titulacion text
);


ALTER TABLE public."Investigador" OWNER TO postgres;

--
-- TOC entry 203 (class 1259 OID 16465)
-- Name: Mineral; Type: TABLE; Schema: public; Owner: postgres
--

CREATE TABLE public."Mineral" (
    "idElemento" integer NOT NULL,
    "tipoMineral" text
);


ALTER TABLE public."Mineral" OWNER TO postgres;

--
-- TOC entry 221 (class 1259 OID 16697)
-- Name: OcupadoPor; Type: TABLE; Schema: public; Owner: postgres
--

CREATE TABLE public."OcupadoPor" (
    "idAlojamiento" integer NOT NULL,
    "fechaEstadia" date NOT NULL,
    "idVisitante" integer NOT NULL
);


ALTER TABLE public."OcupadoPor" OWNER TO postgres;

--
-- TOC entry 225 (class 1259 OID 16743)
-- Name: Ofrece; Type: TABLE; Schema: public; Owner: postgres
--

CREATE TABLE public."Ofrece" (
    "idAlojamiento" integer NOT NULL,
    "idPropuesta" integer NOT NULL
);


ALTER TABLE public."Ofrece" OWNER TO postgres;

--
-- TOC entry 196 (class 1259 OID 16385)
-- Name: Organismo; Type: TABLE; Schema: public; Owner: postgres
--

CREATE TABLE public."Organismo" (
    "idOrganismo" integer NOT NULL,
    nombre text
);


ALTER TABLE public."Organismo" OWNER TO postgres;

--
-- TOC entry 198 (class 1259 OID 16406)
-- Name: Parque; Type: TABLE; Schema: public; Owner: postgres
--

CREATE TABLE public."Parque" (
    "idParque" integer NOT NULL,
    nombre text,
    "fechaDeclaracion" date,
    "emailContacto" text
);


ALTER TABLE public."Parque" OWNER TO postgres;

--
-- TOC entry 227 (class 1259 OID 16768)
-- Name: ParticipaDe; Type: TABLE; Schema: public; Owner: postgres
--

CREATE TABLE public."ParticipaDe" (
    "idVisitante" integer NOT NULL,
    "idPropuesta" integer NOT NULL,
    "fechaPropuesta" date NOT NULL,
    "horaPropuesta" time without time zone NOT NULL
);


ALTER TABLE public."ParticipaDe" OWNER TO postgres;

--
-- TOC entry 209 (class 1259 OID 16545)
-- Name: Personal; Type: TABLE; Schema: public; Owner: postgres
--

CREATE TABLE public."Personal" (
    "idPersonal" integer NOT NULL,
    "tipoPersonal" text,
    nombre text,
    direccion text,
    "telefonoMovil" text,
    dni text,
    cuil text,
    "telefonoDomicilio" text
);


ALTER TABLE public."Personal" OWNER TO postgres;

--
-- TOC entry 222 (class 1259 OID 16712)
-- Name: PropuestaDeExcursion; Type: TABLE; Schema: public; Owner: postgres
--

CREATE TABLE public."PropuestaDeExcursion" (
    "idPropuesta" integer NOT NULL,
    mobilidad text,
    descripcion text
);


ALTER TABLE public."PropuestaDeExcursion" OWNER TO postgres;

--
-- TOC entry 224 (class 1259 OID 16730)
-- Name: PropuestaDias; Type: TABLE; Schema: public; Owner: postgres
--

CREATE TABLE public."PropuestaDias" (
    "idPropuesta" integer NOT NULL,
    dia text NOT NULL
);


ALTER TABLE public."PropuestaDias" OWNER TO postgres;

--
-- TOC entry 223 (class 1259 OID 16720)
-- Name: PropuestaHoras; Type: TABLE; Schema: public; Owner: postgres
--

CREATE TABLE public."PropuestaHoras" (
    "idPropuesta" integer NOT NULL,
    hora time without time zone NOT NULL
);


ALTER TABLE public."PropuestaHoras" OWNER TO postgres;

--
-- TOC entry 197 (class 1259 OID 16393)
-- Name: Provincia; Type: TABLE; Schema: public; Owner: postgres
--

CREATE TABLE public."Provincia" (
    "idProvincia" integer NOT NULL,
    nombre text,
    "idOrganismo" integer
);


ALTER TABLE public."Provincia" OWNER TO postgres;

--
-- TOC entry 212 (class 1259 OID 16581)
-- Name: Proyecto; Type: TABLE; Schema: public; Owner: postgres
--

CREATE TABLE public."Proyecto" (
    "idProyecto" integer NOT NULL,
    presupuesto double precision,
    periodo daterange,
    "idElementoNatural" integer
);


ALTER TABLE public."Proyecto" OWNER TO postgres;

--
-- TOC entry 216 (class 1259 OID 16628)
-- Name: Recorrido; Type: TABLE; Schema: public; Owner: postgres
--

CREATE TABLE public."Recorrido" (
    "idRecorrido" integer NOT NULL,
    "idPersonalVigilancia" integer,
    "idArea" integer,
    "matriculaVehiculo" text
);


ALTER TABLE public."Recorrido" OWNER TO postgres;

--
-- TOC entry 202 (class 1259 OID 16450)
-- Name: RegistroElemento; Type: TABLE; Schema: public; Owner: postgres
--

CREATE TABLE public."RegistroElemento" (
    "idRegistroElemento" integer NOT NULL,
    "idElemento" integer,
    "idArea" integer
);


ALTER TABLE public."RegistroElemento" OWNER TO postgres;

--
-- TOC entry 208 (class 1259 OID 16530)
-- Name: SeAlimentaDe; Type: TABLE; Schema: public; Owner: postgres
--

CREATE TABLE public."SeAlimentaDe" (
    "idDepredador" integer NOT NULL,
    "idPresa" integer NOT NULL
);


ALTER TABLE public."SeAlimentaDe" OWNER TO postgres;

--
-- TOC entry 210 (class 1259 OID 16553)
-- Name: TrabajaEn; Type: TABLE; Schema: public; Owner: postgres
--

CREATE TABLE public."TrabajaEn" (
    "idPersonal" integer NOT NULL,
    "idParque" integer NOT NULL,
    sueldo double precision
);


ALTER TABLE public."TrabajaEn" OWNER TO postgres;

--
-- TOC entry 205 (class 1259 OID 16491)
-- Name: Vegetal; Type: TABLE; Schema: public; Owner: postgres
--

CREATE TABLE public."Vegetal" (
    "idElemento" integer NOT NULL,
    "tipoVegetal" text
);


ALTER TABLE public."Vegetal" OWNER TO postgres;

--
-- TOC entry 215 (class 1259 OID 16620)
-- Name: Vehiculo; Type: TABLE; Schema: public; Owner: postgres
--

CREATE TABLE public."Vehiculo" (
    matricula text NOT NULL,
    tipo text
);


ALTER TABLE public."Vehiculo" OWNER TO postgres;

--
-- TOC entry 220 (class 1259 OID 16689)
-- Name: Visitante; Type: TABLE; Schema: public; Owner: postgres
--

CREATE TABLE public."Visitante" (
    "idVisitante" integer NOT NULL,
    nombre text,
    domicilio text,
    profesion text,
    dni text
);


ALTER TABLE public."Visitante" OWNER TO postgres;

--
-- TOC entry 228 (class 1259 OID 16787)
-- Name: provincia_cantparques; Type: VIEW; Schema: public; Owner: postgres
--

CREATE VIEW public.provincia_cantparques AS
SELECT
    NULL::integer AS "idProvincia",
    NULL::text AS nombre,
    NULL::bigint AS cantparques;


ALTER TABLE public.provincia_cantparques OWNER TO postgres;

--
-- TOC entry 3175 (class 0 OID 16669)
-- Dependencies: 218
-- Data for Name: Alojamiento; Type: TABLE DATA; Schema: public; Owner: postgres
--

COPY public."Alojamiento" ("idAlojamiento", capacidad, categoria, "idParque") FROM stdin;
1	5	8	1
2	3	9	1
3	10	6	1
4	3	10	1
5	6	7	1
6	15	5	2
7	15	5	2
8	15	5	2
9	15	5	2
10	15	5	2
11	4	9	3
12	4	9	3
13	4	9	3
14	2	10	3
15	2	10	3
16	2	8	3
17	2	8	3
18	2	8	3
19	2	8	3
20	2	8	3
\.


--
-- TOC entry 3164 (class 0 OID 16517)
-- Dependencies: 207
-- Data for Name: Animal; Type: TABLE DATA; Schema: public; Owner: postgres
--

COPY public."Animal" ("idElemento", "tipoAlimentacion", "periodoCelo") FROM stdin;
15	herbivoro	inviero
16	herbivoro	verano
17	omnivoro	marzo a mayo
18	carnivoro	verano
\.


--
-- TOC entry 3157 (class 0 OID 16429)
-- Dependencies: 200
-- Data for Name: Area; Type: TABLE DATA; Schema: public; Owner: postgres
--

COPY public."Area" ("idArea", nombre, superficie, "idParque") FROM stdin;
1	valle	300	1
2	colina	500	1
3	ladera	100	1
4	luna	200	1
5	tierra	400	1
6	sol	200	2
7	glam	100	2
8	super	300	2
9	chamo	400	2
10	giro	30	2
11	rose	10	2
12	jarro	30	2
13	valle	100	3
14	pradera	2000	4
15	nube	150	5
16	prado	300	6
17	valle	160	7
18	valle	450	8
\.


--
-- TOC entry 3161 (class 0 OID 16478)
-- Dependencies: 204
-- Data for Name: Comestible; Type: TABLE DATA; Schema: public; Owner: postgres
--

COPY public."Comestible" ("idElemento", "tipoComestible") FROM stdin;
4	vegetal
5	vegetal
6	vegetal
7	vegetal
8	vegetal
9	vegetal
10	vegetal
11	vegetal
12	vegetal
13	vegetal
14	vegetal
15	animal
16	animal
17	animal
18	animal
\.


--
-- TOC entry 3163 (class 0 OID 16504)
-- Dependencies: 206
-- Data for Name: ConFloracion; Type: TABLE DATA; Schema: public; Owner: postgres
--

COPY public."ConFloracion" ("idElemento", "periodoFloracion") FROM stdin;
10	enero a febrero
11	febrero a marzo
12	verano
13	invierno
14	verano a invierno
\.


--
-- TOC entry 3174 (class 0 OID 16651)
-- Dependencies: 217
-- Data for Name: Conservacion; Type: TABLE DATA; Schema: public; Owner: postgres
--

COPY public."Conservacion" ("idPersonal", especializacion, "idArea") FROM stdin;
\.


--
-- TOC entry 3156 (class 0 OID 16414)
-- Dependencies: 199
-- Data for Name: Contiene; Type: TABLE DATA; Schema: public; Owner: postgres
--

COPY public."Contiene" ("idProvincia", "idParque") FROM stdin;
1	1
1	2
2	1
2	2
2	3
2	5
3	4
4	1
4	7
\.


--
-- TOC entry 3158 (class 0 OID 16442)
-- Dependencies: 201
-- Data for Name: ElementoNatural; Type: TABLE DATA; Schema: public; Owner: postgres
--

COPY public."ElementoNatural" ("idElemento", "nombreCientifico", "nombreVulgar", "tipoElemento") FROM stdin;
1	rockus	piedra	mineral
2	salate	sal	mineral
3	arenus	arena	mineral
4	hojus verdesu	lechuga	comestible
5	pepinus	pepino	comestible
6	apious	apio	comestible
7	albachus	albahaca	comestible
8	mentus	menta	comestible
9	radichus	radicheta	comestible
10	tomatus	tomate	comestible
11	bananus	banana	comestible
12	frutillus	frutilla	comestible
13	durazneous	durazno	comestible
14	perus	pera	comestible
15	conejus	conejo	comestible
16	vacuno	vaca	comestible
17	gatuno	gato	comestible
18	leonino	leon	comestible
\.


--
-- TOC entry 3176 (class 0 OID 16679)
-- Dependencies: 219
-- Data for Name: Estadia; Type: TABLE DATA; Schema: public; Owner: postgres
--

COPY public."Estadia" ("idAlojamiento", fecha) FROM stdin;
1	0202-02-02
1	0303-03-03
2	0101-01-01
1	0101-01-01
2	0202-02-02
2	2003-03-03
3	0101-01-01
3	0202-02-02
3	0404-04-04
4	0101-01-01
4	0202-02-02
4	0303-03-03
7	0101-01-01
7	0202-02-02
7	30303-03-03
11	0101-01-01
12	0101-01-01
13	0101-01-01
14	0101-01-01
5	0101-01-01
8	0101-01-01
9	0101-01-01
6	0010-01-01
\.


--
-- TOC entry 3183 (class 0 OID 16758)
-- Dependencies: 226
-- Data for Name: Excursion; Type: TABLE DATA; Schema: public; Owner: postgres
--

COPY public."Excursion" ("idPropuesta", fecha, hora) FROM stdin;
\.


--
-- TOC entry 3171 (class 0 OID 16610)
-- Dependencies: 214
-- Data for Name: Gestion; Type: TABLE DATA; Schema: public; Owner: postgres
--

COPY public."Gestion" ("idPersonal", "numeroEntrada") FROM stdin;
\.


--
-- TOC entry 3170 (class 0 OID 16595)
-- Dependencies: 213
-- Data for Name: Investiga; Type: TABLE DATA; Schema: public; Owner: postgres
--

COPY public."Investiga" ("idInvestigador", "idProyecto") FROM stdin;
\.


--
-- TOC entry 3168 (class 0 OID 16568)
-- Dependencies: 211
-- Data for Name: Investigador; Type: TABLE DATA; Schema: public; Owner: postgres
--

COPY public."Investigador" ("idPersonal", titulacion) FROM stdin;
\.


--
-- TOC entry 3160 (class 0 OID 16465)
-- Dependencies: 203
-- Data for Name: Mineral; Type: TABLE DATA; Schema: public; Owner: postgres
--

COPY public."Mineral" ("idElemento", "tipoMineral") FROM stdin;
1	roca
2	cristal
3	cristal
\.


--
-- TOC entry 3178 (class 0 OID 16697)
-- Dependencies: 221
-- Data for Name: OcupadoPor; Type: TABLE DATA; Schema: public; Owner: postgres
--

COPY public."OcupadoPor" ("idAlojamiento", "fechaEstadia", "idVisitante") FROM stdin;
1	0202-02-02	1
1	0303-03-03	2
1	0101-01-01	1
2	0101-01-01	1
11	0101-01-01	5
12	0101-01-01	6
13	0101-01-01	7
13	0101-01-01	8
6	0010-01-01	3
\.


--
-- TOC entry 3182 (class 0 OID 16743)
-- Dependencies: 225
-- Data for Name: Ofrece; Type: TABLE DATA; Schema: public; Owner: postgres
--

COPY public."Ofrece" ("idAlojamiento", "idPropuesta") FROM stdin;
\.


--
-- TOC entry 3153 (class 0 OID 16385)
-- Dependencies: 196
-- Data for Name: Organismo; Type: TABLE DATA; Schema: public; Owner: postgres
--

COPY public."Organismo" ("idOrganismo", nombre) FROM stdin;
1	Organizacion Bs. As.
2	Cordoba Organiza
3	porg. parque mendoza
4	Parques de santa fe org.
5	organiza La Pampa
6	org neuquen
\.


--
-- TOC entry 3155 (class 0 OID 16406)
-- Dependencies: 198
-- Data for Name: Parque; Type: TABLE DATA; Schema: public; Owner: postgres
--

COPY public."Parque" ("idParque", nombre, "fechaDeclaracion", "emailContacto") FROM stdin;
1	Parque la flores	1860-08-05	flores@gmail.com
2	parque Nacional central	1840-05-10	nacionalarg@arg.org.ar
3	parque grande	1950-02-06	grande@org.ar
4	parque norte	1975-09-08	norte@org.ar
5	parque azul	2000-07-06	azul@azul.com
6	marina y sal	1996-06-09	marina@org.ar
7	verde	1460-08-20	verde@gmail.com
8	parque rojo	1970-06-13	rojo@gmail.com
\.


--
-- TOC entry 3184 (class 0 OID 16768)
-- Dependencies: 227
-- Data for Name: ParticipaDe; Type: TABLE DATA; Schema: public; Owner: postgres
--

COPY public."ParticipaDe" ("idVisitante", "idPropuesta", "fechaPropuesta", "horaPropuesta") FROM stdin;
\.


--
-- TOC entry 3166 (class 0 OID 16545)
-- Dependencies: 209
-- Data for Name: Personal; Type: TABLE DATA; Schema: public; Owner: postgres
--

COPY public."Personal" ("idPersonal", "tipoPersonal", nombre, direccion, "telefonoMovil", dni, cuil, "telefonoDomicilio") FROM stdin;
\.


--
-- TOC entry 3179 (class 0 OID 16712)
-- Dependencies: 222
-- Data for Name: PropuestaDeExcursion; Type: TABLE DATA; Schema: public; Owner: postgres
--

COPY public."PropuestaDeExcursion" ("idPropuesta", mobilidad, descripcion) FROM stdin;
\.


--
-- TOC entry 3181 (class 0 OID 16730)
-- Dependencies: 224
-- Data for Name: PropuestaDias; Type: TABLE DATA; Schema: public; Owner: postgres
--

COPY public."PropuestaDias" ("idPropuesta", dia) FROM stdin;
\.


--
-- TOC entry 3180 (class 0 OID 16720)
-- Dependencies: 223
-- Data for Name: PropuestaHoras; Type: TABLE DATA; Schema: public; Owner: postgres
--

COPY public."PropuestaHoras" ("idPropuesta", hora) FROM stdin;
\.


--
-- TOC entry 3154 (class 0 OID 16393)
-- Dependencies: 197
-- Data for Name: Provincia; Type: TABLE DATA; Schema: public; Owner: postgres
--

COPY public."Provincia" ("idProvincia", nombre, "idOrganismo") FROM stdin;
1	Buenos Aires	1
2	Cordoba	2
3	Neuquen	6
4	La Pampa	5
5	Santa Fe	4
6	Mendoza	3
\.


--
-- TOC entry 3169 (class 0 OID 16581)
-- Dependencies: 212
-- Data for Name: Proyecto; Type: TABLE DATA; Schema: public; Owner: postgres
--

COPY public."Proyecto" ("idProyecto", presupuesto, periodo, "idElementoNatural") FROM stdin;
\.


--
-- TOC entry 3173 (class 0 OID 16628)
-- Dependencies: 216
-- Data for Name: Recorrido; Type: TABLE DATA; Schema: public; Owner: postgres
--

COPY public."Recorrido" ("idRecorrido", "idPersonalVigilancia", "idArea", "matriculaVehiculo") FROM stdin;
\.


--
-- TOC entry 3159 (class 0 OID 16450)
-- Dependencies: 202
-- Data for Name: RegistroElemento; Type: TABLE DATA; Schema: public; Owner: postgres
--

COPY public."RegistroElemento" ("idRegistroElemento", "idElemento", "idArea") FROM stdin;
1	1	1
2	1	2
3	2	3
4	3	1
5	5	1
6	5	13
7	5	14
8	5	15
9	5	16
10	10	13
11	10	14
12	10	15
13	10	16
14	10	17
15	10	18
16	9	13
17	9	14
18	9	15
\.


--
-- TOC entry 3165 (class 0 OID 16530)
-- Dependencies: 208
-- Data for Name: SeAlimentaDe; Type: TABLE DATA; Schema: public; Owner: postgres
--

COPY public."SeAlimentaDe" ("idDepredador", "idPresa") FROM stdin;
\.


--
-- TOC entry 3167 (class 0 OID 16553)
-- Dependencies: 210
-- Data for Name: TrabajaEn; Type: TABLE DATA; Schema: public; Owner: postgres
--

COPY public."TrabajaEn" ("idPersonal", "idParque", sueldo) FROM stdin;
\.


--
-- TOC entry 3162 (class 0 OID 16491)
-- Dependencies: 205
-- Data for Name: Vegetal; Type: TABLE DATA; Schema: public; Owner: postgres
--

COPY public."Vegetal" ("idElemento", "tipoVegetal") FROM stdin;
4	sinFloracion
5	sinFloracion
6	sinFloracion
7	sinFloracion
8	sinFloracion
9	sinFloracion
10	conFloracion
11	conFloracion
12	conFloracion
13	conFloracion
14	conFloracion
\.


--
-- TOC entry 3172 (class 0 OID 16620)
-- Dependencies: 215
-- Data for Name: Vehiculo; Type: TABLE DATA; Schema: public; Owner: postgres
--

COPY public."Vehiculo" (matricula, tipo) FROM stdin;
\.


--
-- TOC entry 3177 (class 0 OID 16689)
-- Dependencies: 220
-- Data for Name: Visitante; Type: TABLE DATA; Schema: public; Owner: postgres
--

COPY public."Visitante" ("idVisitante", nombre, domicilio, profesion, dni) FROM stdin;
1	Ariel	las heras 22	docente	11111111
2	Brenda	Callao 22	carnicero	22222222
3	julian	julian Alvarez	peluquero	33333333
4	marcos	campana 44	panader	44444444
5	luciano	soler 55	abogado	55555555
6	lucas	soler 66	doctor	6666666
7	mario	callao 77	abogado	7777777
8	Carlos	juan b justo 88	doctor	88888888
9	federico	ssoler 99	empresario	99999999
10	facundo	ssanta fe 1010	diariero	10101010101010
\.


--
-- TOC entry 2976 (class 2606 OID 16673)
-- Name: Alojamiento Alojamiento_pkey; Type: CONSTRAINT; Schema: public; Owner: postgres
--

ALTER TABLE ONLY public."Alojamiento"
    ADD CONSTRAINT "Alojamiento_pkey" PRIMARY KEY ("idAlojamiento");


--
-- TOC entry 2954 (class 2606 OID 16524)
-- Name: Animal Animal_pkey; Type: CONSTRAINT; Schema: public; Owner: postgres
--

ALTER TABLE ONLY public."Animal"
    ADD CONSTRAINT "Animal_pkey" PRIMARY KEY ("idElemento");


--
-- TOC entry 2940 (class 2606 OID 16436)
-- Name: Area Area_pkey; Type: CONSTRAINT; Schema: public; Owner: postgres
--

ALTER TABLE ONLY public."Area"
    ADD CONSTRAINT "Area_pkey" PRIMARY KEY ("idArea");


--
-- TOC entry 2948 (class 2606 OID 16485)
-- Name: Comestible Comestible_pkey; Type: CONSTRAINT; Schema: public; Owner: postgres
--

ALTER TABLE ONLY public."Comestible"
    ADD CONSTRAINT "Comestible_pkey" PRIMARY KEY ("idElemento");


--
-- TOC entry 2952 (class 2606 OID 16511)
-- Name: ConFloracion ConFloracion_pkey; Type: CONSTRAINT; Schema: public; Owner: postgres
--

ALTER TABLE ONLY public."ConFloracion"
    ADD CONSTRAINT "ConFloracion_pkey" PRIMARY KEY ("idElemento");


--
-- TOC entry 2974 (class 2606 OID 16658)
-- Name: Conservacion Conservacion_pkey; Type: CONSTRAINT; Schema: public; Owner: postgres
--

ALTER TABLE ONLY public."Conservacion"
    ADD CONSTRAINT "Conservacion_pkey" PRIMARY KEY ("idPersonal");


--
-- TOC entry 2938 (class 2606 OID 16418)
-- Name: Contiene Contiene_pkey; Type: CONSTRAINT; Schema: public; Owner: postgres
--

ALTER TABLE ONLY public."Contiene"
    ADD CONSTRAINT "Contiene_pkey" PRIMARY KEY ("idProvincia", "idParque");


--
-- TOC entry 2942 (class 2606 OID 16449)
-- Name: ElementoNatural ElementoNatural_pkey; Type: CONSTRAINT; Schema: public; Owner: postgres
--

ALTER TABLE ONLY public."ElementoNatural"
    ADD CONSTRAINT "ElementoNatural_pkey" PRIMARY KEY ("idElemento");


--
-- TOC entry 2978 (class 2606 OID 16683)
-- Name: Estadia Estadia_pkey; Type: CONSTRAINT; Schema: public; Owner: postgres
--

ALTER TABLE ONLY public."Estadia"
    ADD CONSTRAINT "Estadia_pkey" PRIMARY KEY ("idAlojamiento", fecha);


--
-- TOC entry 2992 (class 2606 OID 16762)
-- Name: Excursion Excursion_pkey; Type: CONSTRAINT; Schema: public; Owner: postgres
--

ALTER TABLE ONLY public."Excursion"
    ADD CONSTRAINT "Excursion_pkey" PRIMARY KEY ("idPropuesta", fecha, hora);


--
-- TOC entry 2968 (class 2606 OID 16614)
-- Name: Gestion Gestion_pkey; Type: CONSTRAINT; Schema: public; Owner: postgres
--

ALTER TABLE ONLY public."Gestion"
    ADD CONSTRAINT "Gestion_pkey" PRIMARY KEY ("idPersonal");


--
-- TOC entry 2966 (class 2606 OID 16599)
-- Name: Investiga Investiga_pkey; Type: CONSTRAINT; Schema: public; Owner: postgres
--

ALTER TABLE ONLY public."Investiga"
    ADD CONSTRAINT "Investiga_pkey" PRIMARY KEY ("idInvestigador", "idProyecto");


--
-- TOC entry 2962 (class 2606 OID 16575)
-- Name: Investigador Investigador_pkey; Type: CONSTRAINT; Schema: public; Owner: postgres
--

ALTER TABLE ONLY public."Investigador"
    ADD CONSTRAINT "Investigador_pkey" PRIMARY KEY ("idPersonal");


--
-- TOC entry 2946 (class 2606 OID 16472)
-- Name: Mineral Mineral_pkey; Type: CONSTRAINT; Schema: public; Owner: postgres
--

ALTER TABLE ONLY public."Mineral"
    ADD CONSTRAINT "Mineral_pkey" PRIMARY KEY ("idElemento");


--
-- TOC entry 2982 (class 2606 OID 16701)
-- Name: OcupadoPor Ocupado_pkey; Type: CONSTRAINT; Schema: public; Owner: postgres
--

ALTER TABLE ONLY public."OcupadoPor"
    ADD CONSTRAINT "Ocupado_pkey" PRIMARY KEY ("idAlojamiento", "fechaEstadia", "idVisitante");


--
-- TOC entry 2990 (class 2606 OID 16747)
-- Name: Ofrece Ofrece_pkey; Type: CONSTRAINT; Schema: public; Owner: postgres
--

ALTER TABLE ONLY public."Ofrece"
    ADD CONSTRAINT "Ofrece_pkey" PRIMARY KEY ("idAlojamiento", "idPropuesta");


--
-- TOC entry 2932 (class 2606 OID 16392)
-- Name: Organismo Organismo_pkey; Type: CONSTRAINT; Schema: public; Owner: postgres
--

ALTER TABLE ONLY public."Organismo"
    ADD CONSTRAINT "Organismo_pkey" PRIMARY KEY ("idOrganismo");


--
-- TOC entry 2936 (class 2606 OID 16413)
-- Name: Parque Parque_pkey; Type: CONSTRAINT; Schema: public; Owner: postgres
--

ALTER TABLE ONLY public."Parque"
    ADD CONSTRAINT "Parque_pkey" PRIMARY KEY ("idParque");


--
-- TOC entry 2994 (class 2606 OID 16772)
-- Name: ParticipaDe ParticipaDe_pkey; Type: CONSTRAINT; Schema: public; Owner: postgres
--

ALTER TABLE ONLY public."ParticipaDe"
    ADD CONSTRAINT "ParticipaDe_pkey" PRIMARY KEY ("idVisitante", "idPropuesta", "fechaPropuesta", "horaPropuesta");


--
-- TOC entry 2958 (class 2606 OID 16552)
-- Name: Personal Personal_pkey; Type: CONSTRAINT; Schema: public; Owner: postgres
--

ALTER TABLE ONLY public."Personal"
    ADD CONSTRAINT "Personal_pkey" PRIMARY KEY ("idPersonal");


--
-- TOC entry 2984 (class 2606 OID 16719)
-- Name: PropuestaDeExcursion PropuestaDeExcursion_pkey; Type: CONSTRAINT; Schema: public; Owner: postgres
--

ALTER TABLE ONLY public."PropuestaDeExcursion"
    ADD CONSTRAINT "PropuestaDeExcursion_pkey" PRIMARY KEY ("idPropuesta");


--
-- TOC entry 2988 (class 2606 OID 16737)
-- Name: PropuestaDias PropuestaDias_pkey; Type: CONSTRAINT; Schema: public; Owner: postgres
--

ALTER TABLE ONLY public."PropuestaDias"
    ADD CONSTRAINT "PropuestaDias_pkey" PRIMARY KEY ("idPropuesta", dia);


--
-- TOC entry 2986 (class 2606 OID 16724)
-- Name: PropuestaHoras PropuestaHoras_pkey; Type: CONSTRAINT; Schema: public; Owner: postgres
--

ALTER TABLE ONLY public."PropuestaHoras"
    ADD CONSTRAINT "PropuestaHoras_pkey" PRIMARY KEY ("idPropuesta", hora);


--
-- TOC entry 2934 (class 2606 OID 16400)
-- Name: Provincia Provincia_pkey; Type: CONSTRAINT; Schema: public; Owner: postgres
--

ALTER TABLE ONLY public."Provincia"
    ADD CONSTRAINT "Provincia_pkey" PRIMARY KEY ("idProvincia");


--
-- TOC entry 2964 (class 2606 OID 16588)
-- Name: Proyecto Proyecto_pkey; Type: CONSTRAINT; Schema: public; Owner: postgres
--

ALTER TABLE ONLY public."Proyecto"
    ADD CONSTRAINT "Proyecto_pkey" PRIMARY KEY ("idProyecto");


--
-- TOC entry 2972 (class 2606 OID 16635)
-- Name: Recorrido Recorrido_pkey; Type: CONSTRAINT; Schema: public; Owner: postgres
--

ALTER TABLE ONLY public."Recorrido"
    ADD CONSTRAINT "Recorrido_pkey" PRIMARY KEY ("idRecorrido");


--
-- TOC entry 2944 (class 2606 OID 16454)
-- Name: RegistroElemento RegistroElemento_pkey; Type: CONSTRAINT; Schema: public; Owner: postgres
--

ALTER TABLE ONLY public."RegistroElemento"
    ADD CONSTRAINT "RegistroElemento_pkey" PRIMARY KEY ("idRegistroElemento");


--
-- TOC entry 2956 (class 2606 OID 16534)
-- Name: SeAlimentaDe SeAlimentaDe_pkey; Type: CONSTRAINT; Schema: public; Owner: postgres
--

ALTER TABLE ONLY public."SeAlimentaDe"
    ADD CONSTRAINT "SeAlimentaDe_pkey" PRIMARY KEY ("idDepredador", "idPresa");


--
-- TOC entry 2960 (class 2606 OID 16557)
-- Name: TrabajaEn TrabajaEn_pkey; Type: CONSTRAINT; Schema: public; Owner: postgres
--

ALTER TABLE ONLY public."TrabajaEn"
    ADD CONSTRAINT "TrabajaEn_pkey" PRIMARY KEY ("idPersonal", "idParque");


--
-- TOC entry 2950 (class 2606 OID 16498)
-- Name: Vegetal Vegetal_pkey; Type: CONSTRAINT; Schema: public; Owner: postgres
--

ALTER TABLE ONLY public."Vegetal"
    ADD CONSTRAINT "Vegetal_pkey" PRIMARY KEY ("idElemento");


--
-- TOC entry 2970 (class 2606 OID 16627)
-- Name: Vehiculo Vehiculo_pkey; Type: CONSTRAINT; Schema: public; Owner: postgres
--

ALTER TABLE ONLY public."Vehiculo"
    ADD CONSTRAINT "Vehiculo_pkey" PRIMARY KEY (matricula);


--
-- TOC entry 2980 (class 2606 OID 16696)
-- Name: Visitante Visitante_pkey; Type: CONSTRAINT; Schema: public; Owner: postgres
--

ALTER TABLE ONLY public."Visitante"
    ADD CONSTRAINT "Visitante_pkey" PRIMARY KEY ("idVisitante");


--
-- TOC entry 3152 (class 2618 OID 16790)
-- Name: provincia_cantparques _RETURN; Type: RULE; Schema: public; Owner: postgres
--

CREATE OR REPLACE VIEW public.provincia_cantparques AS
 SELECT p."idProvincia",
    p.nombre,
    count(DISTINCT pq."idParque") AS cantparques
   FROM ((public."Provincia" p
     JOIN public."Contiene" c ON ((c."idProvincia" = p."idProvincia")))
     JOIN public."Parque" pq ON ((pq."idParque" = c."idParque")))
  GROUP BY p."idProvincia";


--
-- TOC entry 3020 (class 2606 OID 16674)
-- Name: Alojamiento Alojamiento_idParque_fkey; Type: FK CONSTRAINT; Schema: public; Owner: postgres
--

ALTER TABLE ONLY public."Alojamiento"
    ADD CONSTRAINT "Alojamiento_idParque_fkey" FOREIGN KEY ("idParque") REFERENCES public."Parque"("idParque");


--
-- TOC entry 3005 (class 2606 OID 16525)
-- Name: Animal Animal_idElemento_fkey; Type: FK CONSTRAINT; Schema: public; Owner: postgres
--

ALTER TABLE ONLY public."Animal"
    ADD CONSTRAINT "Animal_idElemento_fkey" FOREIGN KEY ("idElemento") REFERENCES public."Comestible"("idElemento");


--
-- TOC entry 2998 (class 2606 OID 16437)
-- Name: Area Area_idParque_fkey; Type: FK CONSTRAINT; Schema: public; Owner: postgres
--

ALTER TABLE ONLY public."Area"
    ADD CONSTRAINT "Area_idParque_fkey" FOREIGN KEY ("idParque") REFERENCES public."Parque"("idParque");


--
-- TOC entry 3002 (class 2606 OID 16486)
-- Name: Comestible Comestible_idElemento_fkey; Type: FK CONSTRAINT; Schema: public; Owner: postgres
--

ALTER TABLE ONLY public."Comestible"
    ADD CONSTRAINT "Comestible_idElemento_fkey" FOREIGN KEY ("idElemento") REFERENCES public."ElementoNatural"("idElemento");


--
-- TOC entry 3004 (class 2606 OID 16512)
-- Name: ConFloracion ConFloracion_idElemento_fkey; Type: FK CONSTRAINT; Schema: public; Owner: postgres
--

ALTER TABLE ONLY public."ConFloracion"
    ADD CONSTRAINT "ConFloracion_idElemento_fkey" FOREIGN KEY ("idElemento") REFERENCES public."Vegetal"("idElemento");


--
-- TOC entry 3019 (class 2606 OID 16664)
-- Name: Conservacion Conservacion_idArea_fkey; Type: FK CONSTRAINT; Schema: public; Owner: postgres
--

ALTER TABLE ONLY public."Conservacion"
    ADD CONSTRAINT "Conservacion_idArea_fkey" FOREIGN KEY ("idArea") REFERENCES public."Area"("idArea");


--
-- TOC entry 3018 (class 2606 OID 16659)
-- Name: Conservacion Conservacion_idPersonal_fkey; Type: FK CONSTRAINT; Schema: public; Owner: postgres
--

ALTER TABLE ONLY public."Conservacion"
    ADD CONSTRAINT "Conservacion_idPersonal_fkey" FOREIGN KEY ("idPersonal") REFERENCES public."Personal"("idPersonal");


--
-- TOC entry 2996 (class 2606 OID 16419)
-- Name: Contiene Contiene_idParque_fkey; Type: FK CONSTRAINT; Schema: public; Owner: postgres
--

ALTER TABLE ONLY public."Contiene"
    ADD CONSTRAINT "Contiene_idParque_fkey" FOREIGN KEY ("idParque") REFERENCES public."Parque"("idParque");


--
-- TOC entry 2997 (class 2606 OID 16424)
-- Name: Contiene Contiene_idProvincia_fkey; Type: FK CONSTRAINT; Schema: public; Owner: postgres
--

ALTER TABLE ONLY public."Contiene"
    ADD CONSTRAINT "Contiene_idProvincia_fkey" FOREIGN KEY ("idProvincia") REFERENCES public."Provincia"("idProvincia");


--
-- TOC entry 3021 (class 2606 OID 16684)
-- Name: Estadia Estadia_idAlojamiento_fkey; Type: FK CONSTRAINT; Schema: public; Owner: postgres
--

ALTER TABLE ONLY public."Estadia"
    ADD CONSTRAINT "Estadia_idAlojamiento_fkey" FOREIGN KEY ("idAlojamiento") REFERENCES public."Alojamiento"("idAlojamiento");


--
-- TOC entry 3028 (class 2606 OID 16763)
-- Name: Excursion Excursion_idPropuesta_fkey; Type: FK CONSTRAINT; Schema: public; Owner: postgres
--

ALTER TABLE ONLY public."Excursion"
    ADD CONSTRAINT "Excursion_idPropuesta_fkey" FOREIGN KEY ("idPropuesta") REFERENCES public."PropuestaDeExcursion"("idPropuesta");


--
-- TOC entry 3014 (class 2606 OID 16615)
-- Name: Gestion Gestion_idPersonal_fkey; Type: FK CONSTRAINT; Schema: public; Owner: postgres
--

ALTER TABLE ONLY public."Gestion"
    ADD CONSTRAINT "Gestion_idPersonal_fkey" FOREIGN KEY ("idPersonal") REFERENCES public."Personal"("idPersonal");


--
-- TOC entry 3013 (class 2606 OID 16605)
-- Name: Investiga Investiga_idInvestigador_fkey; Type: FK CONSTRAINT; Schema: public; Owner: postgres
--

ALTER TABLE ONLY public."Investiga"
    ADD CONSTRAINT "Investiga_idInvestigador_fkey" FOREIGN KEY ("idInvestigador") REFERENCES public."Investigador"("idPersonal");


--
-- TOC entry 3012 (class 2606 OID 16600)
-- Name: Investiga Investiga_idProyecto_fkey; Type: FK CONSTRAINT; Schema: public; Owner: postgres
--

ALTER TABLE ONLY public."Investiga"
    ADD CONSTRAINT "Investiga_idProyecto_fkey" FOREIGN KEY ("idProyecto") REFERENCES public."Proyecto"("idProyecto");


--
-- TOC entry 3010 (class 2606 OID 16576)
-- Name: Investigador Investigador_idPersonal_fkey; Type: FK CONSTRAINT; Schema: public; Owner: postgres
--

ALTER TABLE ONLY public."Investigador"
    ADD CONSTRAINT "Investigador_idPersonal_fkey" FOREIGN KEY ("idPersonal") REFERENCES public."Personal"("idPersonal");


--
-- TOC entry 3001 (class 2606 OID 16473)
-- Name: Mineral Mineral_idElemento_fkey; Type: FK CONSTRAINT; Schema: public; Owner: postgres
--

ALTER TABLE ONLY public."Mineral"
    ADD CONSTRAINT "Mineral_idElemento_fkey" FOREIGN KEY ("idElemento") REFERENCES public."ElementoNatural"("idElemento");


--
-- TOC entry 3022 (class 2606 OID 16702)
-- Name: OcupadoPor Ocupado_idAlojamiento_fkey; Type: FK CONSTRAINT; Schema: public; Owner: postgres
--

ALTER TABLE ONLY public."OcupadoPor"
    ADD CONSTRAINT "Ocupado_idAlojamiento_fkey" FOREIGN KEY ("idAlojamiento", "fechaEstadia") REFERENCES public."Estadia"("idAlojamiento", fecha);


--
-- TOC entry 3023 (class 2606 OID 16707)
-- Name: OcupadoPor Ocupado_idVisitante_fkey; Type: FK CONSTRAINT; Schema: public; Owner: postgres
--

ALTER TABLE ONLY public."OcupadoPor"
    ADD CONSTRAINT "Ocupado_idVisitante_fkey" FOREIGN KEY ("idVisitante") REFERENCES public."Visitante"("idVisitante");


--
-- TOC entry 3026 (class 2606 OID 16748)
-- Name: Ofrece Ofrece_idAlojamiento_fkey; Type: FK CONSTRAINT; Schema: public; Owner: postgres
--

ALTER TABLE ONLY public."Ofrece"
    ADD CONSTRAINT "Ofrece_idAlojamiento_fkey" FOREIGN KEY ("idAlojamiento") REFERENCES public."Alojamiento"("idAlojamiento");


--
-- TOC entry 3027 (class 2606 OID 16753)
-- Name: Ofrece Ofrece_idPropuesta_fkey; Type: FK CONSTRAINT; Schema: public; Owner: postgres
--

ALTER TABLE ONLY public."Ofrece"
    ADD CONSTRAINT "Ofrece_idPropuesta_fkey" FOREIGN KEY ("idPropuesta") REFERENCES public."PropuestaDeExcursion"("idPropuesta");


--
-- TOC entry 3029 (class 2606 OID 16773)
-- Name: ParticipaDe ParticipaDe_idPropuesta_fkey; Type: FK CONSTRAINT; Schema: public; Owner: postgres
--

ALTER TABLE ONLY public."ParticipaDe"
    ADD CONSTRAINT "ParticipaDe_idPropuesta_fkey" FOREIGN KEY ("idPropuesta", "fechaPropuesta", "horaPropuesta") REFERENCES public."Excursion"("idPropuesta", fecha, hora);


--
-- TOC entry 3030 (class 2606 OID 16778)
-- Name: ParticipaDe ParticipaDe_idVisitante_fkey; Type: FK CONSTRAINT; Schema: public; Owner: postgres
--

ALTER TABLE ONLY public."ParticipaDe"
    ADD CONSTRAINT "ParticipaDe_idVisitante_fkey" FOREIGN KEY ("idVisitante") REFERENCES public."Visitante"("idVisitante");


--
-- TOC entry 3025 (class 2606 OID 16738)
-- Name: PropuestaDias PropuestaDias_idPropuesta_fkey; Type: FK CONSTRAINT; Schema: public; Owner: postgres
--

ALTER TABLE ONLY public."PropuestaDias"
    ADD CONSTRAINT "PropuestaDias_idPropuesta_fkey" FOREIGN KEY ("idPropuesta") REFERENCES public."PropuestaDeExcursion"("idPropuesta");


--
-- TOC entry 3024 (class 2606 OID 16725)
-- Name: PropuestaHoras PropuestaHoras_idPropuesta_fkey; Type: FK CONSTRAINT; Schema: public; Owner: postgres
--

ALTER TABLE ONLY public."PropuestaHoras"
    ADD CONSTRAINT "PropuestaHoras_idPropuesta_fkey" FOREIGN KEY ("idPropuesta") REFERENCES public."PropuestaDeExcursion"("idPropuesta");


--
-- TOC entry 2995 (class 2606 OID 16401)
-- Name: Provincia Provincia_idOrganismo_fkey; Type: FK CONSTRAINT; Schema: public; Owner: postgres
--

ALTER TABLE ONLY public."Provincia"
    ADD CONSTRAINT "Provincia_idOrganismo_fkey" FOREIGN KEY ("idOrganismo") REFERENCES public."Organismo"("idOrganismo");


--
-- TOC entry 3011 (class 2606 OID 16589)
-- Name: Proyecto Proyecto_idElementoNatural_fkey; Type: FK CONSTRAINT; Schema: public; Owner: postgres
--

ALTER TABLE ONLY public."Proyecto"
    ADD CONSTRAINT "Proyecto_idElementoNatural_fkey" FOREIGN KEY ("idElementoNatural") REFERENCES public."ElementoNatural"("idElemento");


--
-- TOC entry 3017 (class 2606 OID 16646)
-- Name: Recorrido Recorrido_idArea_fkey; Type: FK CONSTRAINT; Schema: public; Owner: postgres
--

ALTER TABLE ONLY public."Recorrido"
    ADD CONSTRAINT "Recorrido_idArea_fkey" FOREIGN KEY ("idArea") REFERENCES public."Area"("idArea");


--
-- TOC entry 3015 (class 2606 OID 16636)
-- Name: Recorrido Recorrido_idPersonalVigilancia_fkey; Type: FK CONSTRAINT; Schema: public; Owner: postgres
--

ALTER TABLE ONLY public."Recorrido"
    ADD CONSTRAINT "Recorrido_idPersonalVigilancia_fkey" FOREIGN KEY ("idPersonalVigilancia") REFERENCES public."Personal"("idPersonal");


--
-- TOC entry 3016 (class 2606 OID 16641)
-- Name: Recorrido Recorrido_matriculaVehiculo_fkey; Type: FK CONSTRAINT; Schema: public; Owner: postgres
--

ALTER TABLE ONLY public."Recorrido"
    ADD CONSTRAINT "Recorrido_matriculaVehiculo_fkey" FOREIGN KEY ("matriculaVehiculo") REFERENCES public."Vehiculo"(matricula);


--
-- TOC entry 2999 (class 2606 OID 16455)
-- Name: RegistroElemento RegistroElemento_idArea_fkey; Type: FK CONSTRAINT; Schema: public; Owner: postgres
--

ALTER TABLE ONLY public."RegistroElemento"
    ADD CONSTRAINT "RegistroElemento_idArea_fkey" FOREIGN KEY ("idArea") REFERENCES public."Area"("idArea");


--
-- TOC entry 3000 (class 2606 OID 16460)
-- Name: RegistroElemento RegistroElemento_idElemento_fkey; Type: FK CONSTRAINT; Schema: public; Owner: postgres
--

ALTER TABLE ONLY public."RegistroElemento"
    ADD CONSTRAINT "RegistroElemento_idElemento_fkey" FOREIGN KEY ("idElemento") REFERENCES public."ElementoNatural"("idElemento");


--
-- TOC entry 3006 (class 2606 OID 16535)
-- Name: SeAlimentaDe SeAlimentaDe_idDepredador_fkey; Type: FK CONSTRAINT; Schema: public; Owner: postgres
--

ALTER TABLE ONLY public."SeAlimentaDe"
    ADD CONSTRAINT "SeAlimentaDe_idDepredador_fkey" FOREIGN KEY ("idDepredador") REFERENCES public."Animal"("idElemento");


--
-- TOC entry 3007 (class 2606 OID 16540)
-- Name: SeAlimentaDe SeAlimentaDe_idPresa_fkey; Type: FK CONSTRAINT; Schema: public; Owner: postgres
--

ALTER TABLE ONLY public."SeAlimentaDe"
    ADD CONSTRAINT "SeAlimentaDe_idPresa_fkey" FOREIGN KEY ("idPresa") REFERENCES public."Comestible"("idElemento");


--
-- TOC entry 3009 (class 2606 OID 16563)
-- Name: TrabajaEn TrabajaEn_idParque_fkey; Type: FK CONSTRAINT; Schema: public; Owner: postgres
--

ALTER TABLE ONLY public."TrabajaEn"
    ADD CONSTRAINT "TrabajaEn_idParque_fkey" FOREIGN KEY ("idParque") REFERENCES public."Parque"("idParque");


--
-- TOC entry 3008 (class 2606 OID 16558)
-- Name: TrabajaEn TrabajaEn_idPersonal_fkey; Type: FK CONSTRAINT; Schema: public; Owner: postgres
--

ALTER TABLE ONLY public."TrabajaEn"
    ADD CONSTRAINT "TrabajaEn_idPersonal_fkey" FOREIGN KEY ("idPersonal") REFERENCES public."Personal"("idPersonal");


--
-- TOC entry 3003 (class 2606 OID 16499)
-- Name: Vegetal Vegetal_idElemento_fkey; Type: FK CONSTRAINT; Schema: public; Owner: postgres
--

ALTER TABLE ONLY public."Vegetal"
    ADD CONSTRAINT "Vegetal_idElemento_fkey" FOREIGN KEY ("idElemento") REFERENCES public."Comestible"("idElemento");


-- Completed on 2019-06-04 01:00:29 -03

--
-- PostgreSQL database dump complete
--

